-- ------------------------------------------ FAMILY ---------------------------------------------
INSERT INTO txn_family (family_id, first_name, middle_name, last_name, created_ip, modified_ip, active, created_at, created_by, updated_at, modified_by, gender_id, email_id)
VALUES
  (1, 'Mohanlal', 'Gamnaji', 'Parihar', '0:0:0:0', '0:0:0:0', TRUE, CURRENT_TIMESTAMP, 1, CURRENT_TIMESTAMP, 1, 1, 'email_id'),
  (2, 'Shankarlal', 'Dhiraji', 'Gehlot', '0:0:0:0', '0:0:0:0', TRUE, CURRENT_TIMESTAMP, 1, CURRENT_TIMESTAMP, 1, 1, 'email_id'),
  (3, 'Achalachand', 'Farasaji', 'Tarapasa', '0:0:0:0', '0:0:0:0', TRUE, CURRENT_TIMESTAMP, 1, CURRENT_TIMESTAMP, 1, 1, 'email_id'),
  (4, 'Rikabchand', 'Mupaji', 'Sehua', '0:0:0:0', '0:0:0:0', TRUE, CURRENT_TIMESTAMP, 1, CURRENT_TIMESTAMP, 1, 1, 'email_id'),
  (5, 'Mangilal', 'Kalaji', 'Solanki', '0:0:0:0', '0:0:0:0', TRUE, CURRENT_TIMESTAMP, 1, CURRENT_TIMESTAMP, 1, 1, 'email_id'),
  (6, 'Ganpat', 'Ramaji', 'Solanki', '0:0:0:0', '0:0:0:0', TRUE, CURRENT_TIMESTAMP, 1, CURRENT_TIMESTAMP, 1, 1, 'email_id'),
  (7, 'Jayantilal', 'Nemaji', 'Sehua', '0:0:0:0', '0:0:0:0', TRUE, CURRENT_TIMESTAMP, 1, CURRENT_TIMESTAMP, 1, 1, 'email_id'),
  (8, 'Mohanlal', 'Magaji', 'Chauhan', '0:0:0:0', '0:0:0:0', TRUE, CURRENT_TIMESTAMP, 1, CURRENT_TIMESTAMP, 1, 1, 'email_id'),
  (9, 'Hastimal', 'Dipaji', 'Solanki', '0:0:0:0', '0:0:0:0', TRUE, CURRENT_TIMESTAMP, 1, CURRENT_TIMESTAMP, 1, 1, 'email_id'),
  (10, 'Visharam', 'Bhubaji', 'Paramar', '0:0:0:0', '0:0:0:0', TRUE, CURRENT_TIMESTAMP, 1, CURRENT_TIMESTAMP, 1, 1, 'email_id'),
  (11, 'Sheshmal', 'Savaji', 'Chuahan', '0:0:0:0', '0:0:0:0', TRUE, CURRENT_TIMESTAMP, 1, CURRENT_TIMESTAMP, 1, 1, 'email_id'),
  (12, 'Hiralalji', 'Kanaji', 'Sehua', '0:0:0:0', '0:0:0:0', TRUE, CURRENT_TIMESTAMP, 1, CURRENT_TIMESTAMP, 1, 1, 'email_id'),
  (13, 'Shivlal', 'Khangarji', 'Voseta', '0:0:0:0', '0:0:0:0', TRUE, CURRENT_TIMESTAMP, 1, CURRENT_TIMESTAMP, 1, 1, 'email_id'),
  (14, 'Narsingh', 'Daulaji', 'Gehlot', '0:0:0:0', '0:0:0:0', TRUE, CURRENT_TIMESTAMP, 1, CURRENT_TIMESTAMP, 1, 1, 'email_id'),
  (15, 'Narayanlal', 'Manaji', 'Chauhan', '0:0:0:0', '0:0:0:0', TRUE, CURRENT_TIMESTAMP, 1, CURRENT_TIMESTAMP, 1, 1, 'email_id'),
  (16, 'Chogmal', 'Punmaji', 'Solanki', '0:0:0:0', '0:0:0:0', TRUE, CURRENT_TIMESTAMP, 1, CURRENT_TIMESTAMP, 1, 1, 'email_id'),
  (17, 'Narsinghram', 'Daulaji', 'Gehlot', '0:0:0:0', '0:0:0:0', TRUE, CURRENT_TIMESTAMP, 1, CURRENT_TIMESTAMP, 1, 1, 'email_id'),
  (18, 'Mohabbatram', 'Bheraji', 'Parihar', '0:0:0:0', '0:0:0:0', TRUE, CURRENT_TIMESTAMP, 1, CURRENT_TIMESTAMP, 1, 1, 'email_id'),
  (19, 'Ghisulal', 'Nathaji', 'Sodesa', '0:0:0:0', '0:0:0:0', TRUE, CURRENT_TIMESTAMP, 1, CURRENT_TIMESTAMP, 1, 1, 'email_id'),
  (20, 'Kanhaiyalal', 'Jasaji', 'Parmar', '0:0:0:0', '0:0:0:0', TRUE, CURRENT_TIMESTAMP, 1, CURRENT_TIMESTAMP, 1, 1, 'email_id'),
  (21, 'Lacchiram', 'Kapurji', 'Vocheta', '0:0:0:0', '0:0:0:0', TRUE, CURRENT_TIMESTAMP, 1, CURRENT_TIMESTAMP, 1, 1, 'email_id'),
  (22, 'Pukhraj', 'Gulabji', 'Tripasa', '0:0:0:0', '0:0:0:0', TRUE, CURRENT_TIMESTAMP, 1, CURRENT_TIMESTAMP, 1, 1, 'email_id');

INSERT INTO txn_family (family_id, first_name, middle_name, last_name, created_ip, modified_ip, active, created_at, created_by, updated_at, modified_by, gender_id, email_id)
VALUES
  (23, 'Kanaram', 'Vaga', 'Parmar', '0:0:0:0', '0:0:0:0', TRUE, CURRENT_TIMESTAMP, 1, CURRENT_TIMESTAMP, 1, 1, 'email_id'),
  (24, 'Dinesh', 'Mulchand', 'Chouhan', '0:0:0:0', '0:0:0:0', TRUE, CURRENT_TIMESTAMP, 1, CURRENT_TIMESTAMP, 1, 1, 'email_id'),
  (25, 'Rawatram', 'Bhoma', 'Parmar', '0:0:0:0', '0:0:0:0', TRUE, CURRENT_TIMESTAMP, 1, CURRENT_TIMESTAMP, 1, 1, 'email_id'),
  (26, 'Prathapchand', 'Rupji', 'chouhan', '0:0:0:0', '0:0:0:0', TRUE, CURRENT_TIMESTAMP, 1, CURRENT_TIMESTAMP, 1, 1, 'email_id'),
  (27, 'Sukhraj', 'Dhupaji', 'Parmar', '0:0:0:0', '0:0:0:0', TRUE, CURRENT_TIMESTAMP, 1, CURRENT_TIMESTAMP, 1, 1, 'email_id'),
  (28, 'Rathilal', 'Udha', 'Vasotha', '0:0:0:0', '0:0:0:0', TRUE, CURRENT_TIMESTAMP, 1, CURRENT_TIMESTAMP, 1, 1, 'email_id'),
  (29, 'Vasantlal', 'Ayidan', 'Parmar', '0:0:0:0', '0:0:0:0', TRUE, CURRENT_TIMESTAMP, 1, CURRENT_TIMESTAMP, 1, 1, 'email_id'),
  (30, 'Shankar', 'Bheraram', 'Parmar', '0:0:0:0', '0:0:0:0', TRUE, CURRENT_TIMESTAMP, 1, CURRENT_TIMESTAMP, 1, 1, 'email_id'),
  (31, 'Narayan', 'Jepha', 'Pualsah', '0:0:0:0', '0:0:0:0', TRUE, CURRENT_TIMESTAMP, 1, CURRENT_TIMESTAMP, 1, 1, 'email_id'),
  (32, 'Dinesh', 'Rameshwar', 'Parmar', '0:0:0:0', '0:0:0:0', TRUE, CURRENT_TIMESTAMP, 1, CURRENT_TIMESTAMP, 1, 1, 'email_id'),
  (33, 'Mohan', 'Jasharam', 'Tarpasa', '0:0:0:0', '0:0:0:0', TRUE, CURRENT_TIMESTAMP, 1, CURRENT_TIMESTAMP, 1, 1, 'email_id'),
  (34, 'Kanaya', 'kapoor', 'Solanki', '0:0:0:0', '0:0:0:0', TRUE, CURRENT_TIMESTAMP, 1, CURRENT_TIMESTAMP, 1, 1, 'email_id'),
  (35, 'Kesharam', 'Sopha', 'Solanki', '0:0:0:0', '0:0:0:0', TRUE, CURRENT_TIMESTAMP, 1, CURRENT_TIMESTAMP, 1, 1, 'email_id'),
  (36, 'Kuparam', 'Chelaji', 'Sehua', '0:0:0:0', '0:0:0:0', TRUE, CURRENT_TIMESTAMP, 1, CURRENT_TIMESTAMP, 1, 1, 'email_id'),
  (37, 'Suresh', 'Chogji', 'Sehua', '0:0:0:0', '0:0:0:0', TRUE, CURRENT_TIMESTAMP, 1, CURRENT_TIMESTAMP, 1, 1, 'email_id'),
  (38, 'Nemaram', 'Tulsaji', 'Sehua', '0:0:0:0', '0:0:0:0', TRUE, CURRENT_TIMESTAMP, 1, CURRENT_TIMESTAMP, 1, 1, 'email_id'),
  (39, 'Vachnaram', 'Punmaji', 'Sehua', '0:0:0:0', '0:0:0:0', TRUE, CURRENT_TIMESTAMP, 1, CURRENT_TIMESTAMP, 1, 1, 'email_id'),
  (40, 'Kasturchand', 'Dhanaji', 'Trapastha', '0:0:0:0', '0:0:0:0', TRUE, CURRENT_TIMESTAMP, 1, CURRENT_TIMESTAMP, 1, 1, 'email_id'),
  (41, 'Devraj', 'Dhanji', 'Trapastha', '0:0:0:0', '0:0:0:0', TRUE, CURRENT_TIMESTAMP, 1, CURRENT_TIMESTAMP, 1, 1, 'email_id'),
  (42, 'Champalal', 'Devaji', 'Parmar', '0:0:0:0', '0:0:0:0', TRUE, CURRENT_TIMESTAMP, 1, CURRENT_TIMESTAMP, 1, 1, 'email_id'),
  (43, 'Ruparam', 'Maghaji', 'Parmar', '0:0:0:0', '0:0:0:0', TRUE, CURRENT_TIMESTAMP, 1, CURRENT_TIMESTAMP, 1, 1, 'email_id'),
  (44, 'Dinesh', 'Valaram', 'Trapastha', '0:0:0:0', '0:0:0:0', TRUE, CURRENT_TIMESTAMP, 1, CURRENT_TIMESTAMP, 1, 1, 'email_id'),
  (45, 'Hastimal', 'Swarup', 'Trapastha', '0:0:0:0', '0:0:0:0', TRUE, CURRENT_TIMESTAMP, 1, CURRENT_TIMESTAMP, 1, 1, 'email_id'),
  (46, 'Ganesh', 'Kapoor', 'Parmar', '0:0:0:0', '0:0:0:0', TRUE, CURRENT_TIMESTAMP, 1, CURRENT_TIMESTAMP, 1, 1, 'email_id'),
  (47, 'Kishan', 'Maghan', 'Parihar', '0:0:0:0', '0:0:0:0', TRUE, CURRENT_TIMESTAMP, 1, CURRENT_TIMESTAMP, 1, 1, 'email_id'),
  (48, 'Pukhraj', 'Rajaji', 'sethua', '0:0:0:0', '0:0:0:0', TRUE, CURRENT_TIMESTAMP, 1, CURRENT_TIMESTAMP, 1, 1, 'email_id'),
  (49, 'Kumarpal', 'Sukhraj', 'Parihar', '0:0:0:0', '0:0:0:0', TRUE, CURRENT_TIMESTAMP, 1, CURRENT_TIMESTAMP, 1, 1, 'email_id'),
  (50, 'Madhan', 'Rajaji', 'Sethua', '0:0:0:0', '0:0:0:0', TRUE, CURRENT_TIMESTAMP, 1, CURRENT_TIMESTAMP, 1, 1, 'email_id'),
  (51, 'Narayan', 'Vagtaji', 'vosetha', '0:0:0:0', '0:0:0:0', TRUE, CURRENT_TIMESTAMP, 1, CURRENT_TIMESTAMP, 1, 1, 'email_id'),
  (52, 'Mansukh', 'Bhuraji', 'Parmar', '0:0:0:0', '0:0:0:0', TRUE, CURRENT_TIMESTAMP, 1, CURRENT_TIMESTAMP, 1, 1, 'email_id'),
  (53, 'Paras', 'Khimji', 'Sethua', '0:0:0:0', '0:0:0:0', TRUE, CURRENT_TIMESTAMP, 1, CURRENT_TIMESTAMP, 1, 1, 'email_id'),
  (54, 'Sesmal', 'Rajaji', 'Sethua', '0:0:0:0', '0:0:0:0', TRUE, CURRENT_TIMESTAMP, 1, CURRENT_TIMESTAMP, 1, 1, 'email_id'),
  (55, 'Tarachand', 'Gomaji', 'Parmar', '0:0:0:0', '0:0:0:0', TRUE, CURRENT_TIMESTAMP, 1, CURRENT_TIMESTAMP, 1, 1, 'email_id'),
  (56, 'Ratan', 'Gomaji', 'Parmar', '0:0:0:0', '0:0:0:0', TRUE, CURRENT_TIMESTAMP, 1, CURRENT_TIMESTAMP, 1, 1, 'email_id'),
  (57, 'Mangilal', 'Pratap', 'Parmar', '0:0:0:0', '0:0:0:0', TRUE, CURRENT_TIMESTAMP, 1, CURRENT_TIMESTAMP, 1, 1, 'email_id'),
  (58, 'Utamchand', 'Pukhraj', 'Trapastha', '0:0:0:0', '0:0:0:0', TRUE, CURRENT_TIMESTAMP, 1, CURRENT_TIMESTAMP, 1, 1, 'email_id'),
  (59, 'Govind', 'Mularam', 'Tripas', '0:0:0:0', '0:0:0:0', TRUE, CURRENT_TIMESTAMP, 1, CURRENT_TIMESTAMP, 1, 1, 'email_id'),
  (60, 'Kanaya', 'Bhikamji', 'Tripas', '0:0:0:0', '0:0:0:0', TRUE, CURRENT_TIMESTAMP, 1, CURRENT_TIMESTAMP, 1, 1, 'email_id'),
  (61, 'Jagdish', 'Narayan', 'Parmar', '0:0:0:0', '0:0:0:0', TRUE, CURRENT_TIMESTAMP, 1, CURRENT_TIMESTAMP, 1, 1, 'email_id'),
  (62, 'Khimraj', 'Chunnilal', 'Tripas', '0:0:0:0', '0:0:0:0', TRUE, CURRENT_TIMESTAMP, 1, CURRENT_TIMESTAMP, 1, 1, 'email_id'),
  (63, 'Jayantilal', 'Pukhraj', 'Tripas', '0:0:0:0', '0:0:0:0', TRUE, CURRENT_TIMESTAMP, 1, CURRENT_TIMESTAMP, 1, 1, 'email_id'),
  (64, 'Tarachand', 'Mulchand', 'Tripas', '0:0:0:0', '0:0:0:0', TRUE, CURRENT_TIMESTAMP, 1, CURRENT_TIMESTAMP, 1, 1, 'email_id'),
  (65, 'Pravin', 'Kisthurchand', 'Tripas', '0:0:0:0', '0:0:0:0', TRUE, CURRENT_TIMESTAMP, 1, CURRENT_TIMESTAMP, 1, 1, 'email_id');

INSERT INTO txn_family_city_village_mapping (family_city_village_mapping_id, family_id, city_village_id, created_ip, modified_ip, active, created_at, created_by, updated_at, modified_by)
VALUES
  (1, 1, 174, '0:0:0:0', '0:0:0:0', TRUE, CURRENT_TIMESTAMP, 1, CURRENT_TIMESTAMP, 1),
  (2, 2, 48, '0:0:0:0', '0:0:0:0', TRUE, CURRENT_TIMESTAMP, 1, CURRENT_TIMESTAMP, 1),
  (3, 3, 188, '0:0:0:0', '0:0:0:0', TRUE, CURRENT_TIMESTAMP, 1, CURRENT_TIMESTAMP, 1),
  (4, 4, 35, '0:0:0:0', '0:0:0:0', TRUE, CURRENT_TIMESTAMP, 1, CURRENT_TIMESTAMP, 1),
  (5, 5, 47, '0:0:0:0', '0:0:0:0', TRUE, CURRENT_TIMESTAMP, 1, CURRENT_TIMESTAMP, 1),
  (6, 6, 141, '0:0:0:0', '0:0:0:0', TRUE, CURRENT_TIMESTAMP, 1, CURRENT_TIMESTAMP, 1),
  (7, 7, 47, '0:0:0:0', '0:0:0:0', TRUE, CURRENT_TIMESTAMP, 1, CURRENT_TIMESTAMP, 1),
  (8, 8, 121, '0:0:0:0', '0:0:0:0', TRUE, CURRENT_TIMESTAMP, 1, CURRENT_TIMESTAMP, 1),
  (9, 9, 47, '0:0:0:0', '0:0:0:0', TRUE, CURRENT_TIMESTAMP, 1, CURRENT_TIMESTAMP, 1),
  (10, 10, 66, '0:0:0:0', '0:0:0:0', TRUE, CURRENT_TIMESTAMP, 1, CURRENT_TIMESTAMP, 1),
  (11, 11, 143, '0:0:0:0', '0:0:0:0', TRUE, CURRENT_TIMESTAMP, 1, CURRENT_TIMESTAMP, 1),
  (12, 12, 125, '0:0:0:0', '0:0:0:0', TRUE, CURRENT_TIMESTAMP, 1, CURRENT_TIMESTAMP, 1),
  (13, 13, 66, '0:0:0:0', '0:0:0:0', TRUE, CURRENT_TIMESTAMP, 1, CURRENT_TIMESTAMP, 1),
  (14, 14, 143, '0:0:0:0', '0:0:0:0', TRUE, CURRENT_TIMESTAMP, 1, CURRENT_TIMESTAMP, 1),
  (15, 15, 174, '0:0:0:0', '0:0:0:0', TRUE, CURRENT_TIMESTAMP, 1, CURRENT_TIMESTAMP, 1),
  (16, 16, 36, '0:0:0:0', '0:0:0:0', TRUE, CURRENT_TIMESTAMP, 1, CURRENT_TIMESTAMP, 1),
  (17, 17, 136, '0:0:0:0', '0:0:0:0', TRUE, CURRENT_TIMESTAMP, 1, CURRENT_TIMESTAMP, 1),
  (18, 18, 119, '0:0:0:0', '0:0:0:0', TRUE, CURRENT_TIMESTAMP, 1, CURRENT_TIMESTAMP, 1),
  (19, 19, 115, '0:0:0:0', '0:0:0:0', TRUE, CURRENT_TIMESTAMP, 1, CURRENT_TIMESTAMP, 1),
  (20, 20, 45, '0:0:0:0', '0:0:0:0', TRUE, CURRENT_TIMESTAMP, 1, CURRENT_TIMESTAMP, 1),
  (21, 21, 89, '0:0:0:0', '0:0:0:0', TRUE, CURRENT_TIMESTAMP, 1, CURRENT_TIMESTAMP, 1),
  (22, 22, 44, '0:0:0:0', '0:0:0:0', TRUE, CURRENT_TIMESTAMP, 1, CURRENT_TIMESTAMP, 1);

INSERT INTO txn_family_city_village_mapping (family_city_village_mapping_id, family_id, city_village_id, created_ip, modified_ip, active, created_at, created_by, updated_at, modified_by)
VALUES
  (23, 23, 2, '0:0:0:0', '0:0:0:0', TRUE, CURRENT_TIMESTAMP, 1, CURRENT_TIMESTAMP, 1),
  (24, 24, 2, '0:0:0:0', '0:0:0:0', TRUE, CURRENT_TIMESTAMP, 1, CURRENT_TIMESTAMP, 1),
  (25, 25, 2, '0:0:0:0', '0:0:0:0', TRUE, CURRENT_TIMESTAMP, 1, CURRENT_TIMESTAMP, 1),
  (26, 26, 2, '0:0:0:0', '0:0:0:0', TRUE, CURRENT_TIMESTAMP, 1, CURRENT_TIMESTAMP, 1),
  (27, 27, 2, '0:0:0:0', '0:0:0:0', TRUE, CURRENT_TIMESTAMP, 1, CURRENT_TIMESTAMP, 1),
  (28, 28, 2, '0:0:0:0', '0:0:0:0', TRUE, CURRENT_TIMESTAMP, 1, CURRENT_TIMESTAMP, 1),
  (29, 29, 2, '0:0:0:0', '0:0:0:0', TRUE, CURRENT_TIMESTAMP, 1, CURRENT_TIMESTAMP, 1),
  (30, 30, 2, '0:0:0:0', '0:0:0:0', TRUE, CURRENT_TIMESTAMP, 1, CURRENT_TIMESTAMP, 1),
  (31, 31, 2, '0:0:0:0', '0:0:0:0', TRUE, CURRENT_TIMESTAMP, 1, CURRENT_TIMESTAMP, 1),
  (32, 32, 2, '0:0:0:0', '0:0:0:0', TRUE, CURRENT_TIMESTAMP, 1, CURRENT_TIMESTAMP, 1),
  (33, 33, 2, '0:0:0:0', '0:0:0:0', TRUE, CURRENT_TIMESTAMP, 1, CURRENT_TIMESTAMP, 1),
  (34, 34, 2, '0:0:0:0', '0:0:0:0', TRUE, CURRENT_TIMESTAMP, 1, CURRENT_TIMESTAMP, 1),
  (35, 35, 2, '0:0:0:0', '0:0:0:0', TRUE, CURRENT_TIMESTAMP, 1, CURRENT_TIMESTAMP, 1),
  (36, 36, 2, '0:0:0:0', '0:0:0:0', TRUE, CURRENT_TIMESTAMP, 1, CURRENT_TIMESTAMP, 1),
  (37, 37, 2, '0:0:0:0', '0:0:0:0', TRUE, CURRENT_TIMESTAMP, 1, CURRENT_TIMESTAMP, 1),
  (38, 38, 2, '0:0:0:0', '0:0:0:0', TRUE, CURRENT_TIMESTAMP, 1, CURRENT_TIMESTAMP, 1),
  (39, 39, 2, '0:0:0:0', '0:0:0:0', TRUE, CURRENT_TIMESTAMP, 1, CURRENT_TIMESTAMP, 1),
  (40, 40, 2, '0:0:0:0', '0:0:0:0', TRUE, CURRENT_TIMESTAMP, 1, CURRENT_TIMESTAMP, 1),
  (41, 41, 2, '0:0:0:0', '0:0:0:0', TRUE, CURRENT_TIMESTAMP, 1, CURRENT_TIMESTAMP, 1),
  (42, 42, 2, '0:0:0:0', '0:0:0:0', TRUE, CURRENT_TIMESTAMP, 1, CURRENT_TIMESTAMP, 1),
  (43, 43, 2, '0:0:0:0', '0:0:0:0', TRUE, CURRENT_TIMESTAMP, 1, CURRENT_TIMESTAMP, 1),
  (44, 44, 2, '0:0:0:0', '0:0:0:0', TRUE, CURRENT_TIMESTAMP, 1, CURRENT_TIMESTAMP, 1),
  (45, 45, 2, '0:0:0:0', '0:0:0:0', TRUE, CURRENT_TIMESTAMP, 1, CURRENT_TIMESTAMP, 1),
  (46, 46, 2, '0:0:0:0', '0:0:0:0', TRUE, CURRENT_TIMESTAMP, 1, CURRENT_TIMESTAMP, 1),
  (47, 47, 2, '0:0:0:0', '0:0:0:0', TRUE, CURRENT_TIMESTAMP, 1, CURRENT_TIMESTAMP, 1),
  (48, 48, 2, '0:0:0:0', '0:0:0:0', TRUE, CURRENT_TIMESTAMP, 1, CURRENT_TIMESTAMP, 1),
  (49, 49, 2, '0:0:0:0', '0:0:0:0', TRUE, CURRENT_TIMESTAMP, 1, CURRENT_TIMESTAMP, 1),
  (50, 50, 2, '0:0:0:0', '0:0:0:0', TRUE, CURRENT_TIMESTAMP, 1, CURRENT_TIMESTAMP, 1),
  (51, 51, 2, '0:0:0:0', '0:0:0:0', TRUE, CURRENT_TIMESTAMP, 1, CURRENT_TIMESTAMP, 1),
  (52, 52, 2, '0:0:0:0', '0:0:0:0', TRUE, CURRENT_TIMESTAMP, 1, CURRENT_TIMESTAMP, 1),
  (53, 53, 2, '0:0:0:0', '0:0:0:0', TRUE, CURRENT_TIMESTAMP, 1, CURRENT_TIMESTAMP, 1),
  (54, 54, 2, '0:0:0:0', '0:0:0:0', TRUE, CURRENT_TIMESTAMP, 1, CURRENT_TIMESTAMP, 1),
  (55, 55, 2, '0:0:0:0', '0:0:0:0', TRUE, CURRENT_TIMESTAMP, 1, CURRENT_TIMESTAMP, 1),
  (56, 56, 2, '0:0:0:0', '0:0:0:0', TRUE, CURRENT_TIMESTAMP, 1, CURRENT_TIMESTAMP, 1),
  (57, 57, 2, '0:0:0:0', '0:0:0:0', TRUE, CURRENT_TIMESTAMP, 1, CURRENT_TIMESTAMP, 1),
  (58, 58, 2, '0:0:0:0', '0:0:0:0', TRUE, CURRENT_TIMESTAMP, 1, CURRENT_TIMESTAMP, 1),
  (59, 59, 2, '0:0:0:0', '0:0:0:0', TRUE, CURRENT_TIMESTAMP, 1, CURRENT_TIMESTAMP, 1),
  (60, 60, 2, '0:0:0:0', '0:0:0:0', TRUE, CURRENT_TIMESTAMP, 1, CURRENT_TIMESTAMP, 1),
  (61, 61, 2, '0:0:0:0', '0:0:0:0', TRUE, CURRENT_TIMESTAMP, 1, CURRENT_TIMESTAMP, 1),
  (62, 62, 2, '0:0:0:0', '0:0:0:0', TRUE, CURRENT_TIMESTAMP, 1, CURRENT_TIMESTAMP, 1),
  (63, 63, 2, '0:0:0:0', '0:0:0:0', TRUE, CURRENT_TIMESTAMP, 1, CURRENT_TIMESTAMP, 1),
  (64, 64, 2, '0:0:0:0', '0:0:0:0', TRUE, CURRENT_TIMESTAMP, 1, CURRENT_TIMESTAMP, 1),
  (65, 65, 2, '0:0:0:0', '0:0:0:0', TRUE, CURRENT_TIMESTAMP, 1, CURRENT_TIMESTAMP, 1);

-- ------------------------------------------ MEMBER POST ---------------------------------------------
INSERT INTO txn_member_post (member_post_id, family_id, post_id, from_year, to_year, current, active, created_at, created_by, updated_at, modified_by, created_ip, modified_ip)
VALUES
  (1, 1, 1, 1999, NULL, TRUE, TRUE, CURRENT_TIMESTAMP, 1, CURRENT_TIMESTAMP, 1, '0:0:0:0', '0:0:0:0'),
  (2, 2, 2, 1999, NULL, TRUE, TRUE, CURRENT_TIMESTAMP, 1, CURRENT_TIMESTAMP, 1, '0:0:0:0', '0:0:0:0'),
  (3, 3, 3, 1999, NULL, TRUE, TRUE, CURRENT_TIMESTAMP, 1, CURRENT_TIMESTAMP, 1, '0:0:0:0', '0:0:0:0'),
  (4, 4, 4, 1999, NULL, TRUE, TRUE, CURRENT_TIMESTAMP, 1, CURRENT_TIMESTAMP, 1, '0:0:0:0', '0:0:0:0'),
  (5, 5, 5, 1999, NULL, TRUE, TRUE, CURRENT_TIMESTAMP, 1, CURRENT_TIMESTAMP, 1, '0:0:0:0', '0:0:0:0'),
  (6, 6, 6, 1999, NULL, TRUE, TRUE, CURRENT_TIMESTAMP, 1, CURRENT_TIMESTAMP, 1, '0:0:0:0', '0:0:0:0'),
  (7, 7, 7, 1999, NULL, TRUE, TRUE, CURRENT_TIMESTAMP, 1, CURRENT_TIMESTAMP, 1, '0:0:0:0', '0:0:0:0'),
  (8, 8, 8, 1999, NULL, TRUE, TRUE, CURRENT_TIMESTAMP, 1, CURRENT_TIMESTAMP, 1, '0:0:0:0', '0:0:0:0'),
  (9, 9, 9, 1999, NULL, TRUE, TRUE, CURRENT_TIMESTAMP, 1, CURRENT_TIMESTAMP, 1, '0:0:0:0', '0:0:0:0'),
  (10, 10, 9, 1999, NULL, TRUE, TRUE, CURRENT_TIMESTAMP, 1, CURRENT_TIMESTAMP, 1, '0:0:0:0', '0:0:0:0'),
  (11, 11, 9, 1999, NULL, TRUE, TRUE, CURRENT_TIMESTAMP, 1, CURRENT_TIMESTAMP, 1, '0:0:0:0', '0:0:0:0'),
  (12, 12, 9, 1999, NULL, TRUE, TRUE, CURRENT_TIMESTAMP, 1, CURRENT_TIMESTAMP, 1, '0:0:0:0', '0:0:0:0'),
  (13, 13, 9, 1999, NULL, TRUE, TRUE, CURRENT_TIMESTAMP, 1, CURRENT_TIMESTAMP, 1, '0:0:0:0', '0:0:0:0'),
  (14, 14, 10, 1999, NULL, TRUE, TRUE, CURRENT_TIMESTAMP, 1, CURRENT_TIMESTAMP, 1, '0:0:0:0', '0:0:0:0'),
  (15, 15, 11, 1999, NULL, TRUE, TRUE, CURRENT_TIMESTAMP, 1, CURRENT_TIMESTAMP, 1, '0:0:0:0', '0:0:0:0');

-- ------------------------------------------ TRUSTEE ---------------------------------------------
INSERT INTO txn_trustee (trustee_id, family_id, from_year, current, created_ip, modified_ip, active, created_at, created_by, updated_at, modified_by)
VALUES
  (1, 1, 1999, TRUE, '0:0:0:0', '0:0:0:0', TRUE, CURRENT_TIMESTAMP, 1, CURRENT_TIMESTAMP, 1),
  (2, 3, 1999, TRUE, '0:0:0:0', '0:0:0:0', TRUE, CURRENT_TIMESTAMP, 1, CURRENT_TIMESTAMP, 1),
  (3, 8, 1999, TRUE, '0:0:0:0', '0:0:0:0', TRUE, CURRENT_TIMESTAMP, 1, CURRENT_TIMESTAMP, 1),
  (4, 2, 1999, TRUE, '0:0:0:0', '0:0:0:0', TRUE, CURRENT_TIMESTAMP, 1, CURRENT_TIMESTAMP, 1),
  (5, 10, 1999, TRUE, '0:0:0:0', '0:0:0:0', TRUE, CURRENT_TIMESTAMP, 1, CURRENT_TIMESTAMP, 1),
  (6, 9, 1999, TRUE, '0:0:0:0', '0:0:0:0', TRUE, CURRENT_TIMESTAMP, 1, CURRENT_TIMESTAMP, 1),
  (7, 11, 1999, TRUE, '0:0:0:0', '0:0:0:0', TRUE, CURRENT_TIMESTAMP, 1, CURRENT_TIMESTAMP, 1),
  (8, 7, 1999, TRUE, '0:0:0:0', '0:0:0:0', TRUE, CURRENT_TIMESTAMP, 1, CURRENT_TIMESTAMP, 1),
  (9, 16, 1999, TRUE, '0:0:0:0', '0:0:0:0', TRUE, CURRENT_TIMESTAMP, 1, CURRENT_TIMESTAMP, 1),
  (10, 17, 1999, TRUE, '0:0:0:0', '0:0:0:0', TRUE, CURRENT_TIMESTAMP, 1, CURRENT_TIMESTAMP, 1),
  (11, 18, 1999, TRUE, '0:0:0:0', '0:0:0:0', TRUE, CURRENT_TIMESTAMP, 1, CURRENT_TIMESTAMP, 1),
  (12, 19, 1999, TRUE, '0:0:0:0', '0:0:0:0', TRUE, CURRENT_TIMESTAMP, 1, CURRENT_TIMESTAMP, 1),
  (13, 20, 1999, TRUE, '0:0:0:0', '0:0:0:0', TRUE, CURRENT_TIMESTAMP, 1, CURRENT_TIMESTAMP, 1),
  (14, 21, 1999, TRUE, '0:0:0:0', '0:0:0:0', TRUE, CURRENT_TIMESTAMP, 1, CURRENT_TIMESTAMP, 1),
  (15, 22, 1999, TRUE, '0:0:0:0', '0:0:0:0', TRUE, CURRENT_TIMESTAMP, 1, CURRENT_TIMESTAMP, 1);